"","Year","Malaysia","Bumiputera","Cina.Chinese","India.Indians","Lain.lain.Others","Bandar.Urban","Luar.bandar.Rural","Johor","Kedah","Kelantan","Melaka","Negeri.Sembilan","Pahang","Pulau.Pinang","Perak","Perlis","Selangor","Terengganu","Sabah","Sarawak","W.P..Kuala.Lumpur","W.P...Labuan","W.P..Putrajaya"
"1",1970,264,172,394,304,813,428,200,237,189,151,265,286,286,292,254,140,421,173,513,426,1058,3726,5294
"2",1970.25,270.125,176.375,402.75,310.5,843.375,436.875,204.3125,246.0625,193.1875,156,274.0625,292.25,287.1875,303.1875,257.1875,144.125,432.0625,175.0625,513,426,1058,3726,5294
"3",1970.5,276.25,180.75,411.5,317,873.75,445.75,208.625,255.125,197.375,161,283.125,298.5,288.375,314.375,260.375,148.25,443.125,177.125,513,426,1058,3726,5294
"4",1970.75,282.375,185.125,420.25,323.5,904.125,454.625,212.9375,264.1875,201.5625,166,292.1875,304.75,289.5625,325.5625,263.5625,152.375,454.1875,179.1875,513,426,1058,3726,5294
"5",1971,288.5,189.5,429,330,934.5,463.5,217.25,273.25,205.75,171,301.25,311,290.75,336.75,266.75,156.5,465.25,181.25,513,426,1058,3726,5294
"6",1971.25,294.625,193.875,437.75,336.5,964.875,472.375,221.5625,282.3125,209.9375,176,310.3125,317.25,291.9375,347.9375,269.9375,160.625,476.3125,183.3125,513,426,1058,3726,5294
"7",1971.5,300.75,198.25,446.5,343,995.25,481.25,225.875,291.375,214.125,181,319.375,323.5,293.125,359.125,273.125,164.75,487.375,185.375,513,426,1058,3726,5294
"8",1971.75,306.875,202.625,455.25,349.5,1025.625,490.125,230.1875,300.4375,218.3125,186,328.4375,329.75,294.3125,370.3125,276.3125,168.875,498.4375,187.4375,513,426,1058,3726,5294
"9",1972,313,207,464,356,1056,499,234.5,309.5,222.5,191,337.5,336,295.5,381.5,279.5,173,509.5,189.5,513,426,1058,3726,5294
"10",1972.25,319.125,211.375,472.75,362.5,1086.375,507.875,238.8125,318.5625,226.6875,196,346.5625,342.25,296.6875,392.6875,282.6875,177.125,520.5625,191.5625,513,426,1058,3726,5294
"11",1972.5,325.25,215.75,481.5,369,1116.75,516.75,243.125,327.625,230.875,201,355.625,348.5,297.875,403.875,285.875,181.25,531.625,193.625,513,426,1058,3726,5294
"12",1972.75,331.375,220.125,490.25,375.5,1147.125,525.625,247.4375,336.6875,235.0625,206,364.6875,354.75,299.0625,415.0625,289.0625,185.375,542.6875,195.6875,513,426,1058,3726,5294
"13",1973,337.5,224.5,499,382,1177.5,534.5,251.75,345.75,239.25,211,373.75,361,300.25,426.25,292.25,189.5,553.75,197.75,513,426,1058,3726,5294
"14",1973.25,343.625,228.875,507.75,388.5,1207.875,543.375,256.0625,354.8125,243.4375,216,382.8125,367.25,301.4375,437.4375,295.4375,193.625,564.8125,199.8125,513,426,1058,3726,5294
"15",1973.5,349.75,233.25,516.5,395,1238.25,552.25,260.375,363.875,247.625,221,391.875,373.5,302.625,448.625,298.625,197.75,575.875,201.875,513,426,1058,3726,5294
"16",1973.75,355.875,237.625,525.25,401.5,1268.625,561.125,264.6875,372.9375,251.8125,226,400.9375,379.75,303.8125,459.8125,301.8125,201.875,586.9375,203.9375,513,426,1058,3726,5294
"17",1974,362,242,534,408,1299,570,269,382,256,231,410,386,305,471,305,206,598,206,513,426,1058,3726,5294
"18",1974.25,379.875,254.875,565.625,424.25,1295.125,604.125,283.5,398.375,262.25,235.75,429.75,400.875,326.5,485.75,321.375,222.5,615.125,222.625,513,426,1058,3726,5294
"19",1974.5,397.75,267.75,597.25,440.5,1291.25,638.25,298,414.75,268.5,240.5,449.5,415.75,348,500.5,337.75,239,632.25,239.25,513,426,1058,3726,5294
"20",1974.75,415.625,280.625,628.875,456.75,1287.375,672.375,312.5,431.125,274.75,245.25,469.25,430.625,369.5,515.25,354.125,255.5,649.375,255.875,513,426,1058,3726,5294
"21",1975,433.5,293.5,660.5,473,1283.5,706.5,327,447.5,281,250,489,445.5,391,530,370.5,272,666.5,272.5,513,426,1058,3726,5294
"22",1975.25,451.375,306.375,692.125,489.25,1279.625,740.625,341.5,463.875,287.25,254.75,508.75,460.375,412.5,544.75,386.875,288.5,683.625,289.125,513,426,1058,3726,5294
"23",1975.5,469.25,319.25,723.75,505.5,1275.75,774.75,356,480.25,293.5,259.5,528.5,475.25,434,559.5,403.25,305,700.75,305.75,513,426,1058,3726,5294
"24",1975.75,487.125,332.125,755.375,521.75,1271.875,808.875,370.5,496.625,299.75,264.25,548.25,490.125,455.5,574.25,419.625,321.5,717.875,322.375,513,426,1058,3726,5294
"25",1976,505,345,787,538,1268,843,385,513,306,269,568,505,477,589,436,338,735,339,513,426,1058,3726,5294
"26",1976.25,519.416666666667,357.25,804.916666666667,556.166666666667,1285.25,859.833333333333,396.5,531.166666666667,312.333333333333,275,585,515.333333333333,495.75,609.916666666667,446.25,336.166666666667,762.666666666667,340.75,534.166666666667,439,1084.9375,3726,5294
"27",1976.5,533.833333333333,369.5,822.833333333333,574.333333333333,1302.5,876.666666666667,408,549.333333333333,318.666666666667,281,602,525.666666666667,514.5,630.833333333333,456.5,334.333333333333,790.333333333333,342.5,555.333333333333,452,1111.875,3726,5294
"28",1976.75,548.25,381.75,840.75,592.5,1319.75,893.5,419.5,567.5,325,287,619,536,533.25,651.75,466.75,332.5,818,344.25,576.5,465,1138.8125,3726,5294
"29",1977,562.666666666667,394,858.666666666667,610.666666666667,1337,910.333333333333,431,585.666666666667,331.333333333333,293,636,546.333333333333,552,672.666666666667,477,330.666666666667,845.666666666667,346,597.666666666667,478,1165.75,3726,5294
"30",1977.25,577.083333333333,406.25,876.583333333333,628.833333333333,1354.25,927.166666666667,442.5,603.833333333333,337.666666666667,299,653,556.666666666667,570.75,693.583333333333,487.25,328.833333333333,873.333333333333,347.75,618.833333333333,491,1192.6875,3726,5294
"31",1977.5,591.5,418.5,894.5,647,1371.5,944,454,622,344,305,670,567,589.5,714.5,497.5,327,901,349.5,640,504,1219.625,3726,5294
"32",1977.75,605.916666666667,430.75,912.416666666667,665.166666666667,1388.75,960.833333333333,465.5,640.166666666667,350.333333333333,311,687,577.333333333333,608.25,735.416666666667,507.75,325.166666666667,928.666666666667,351.25,661.166666666667,517,1246.5625,3726,5294
"33",1978,620.333333333333,443,930.333333333333,683.333333333333,1406,977.666666666667,477,658.333333333333,356.666666666667,317,704,587.666666666667,627,756.333333333333,518,323.333333333333,956.333333333333,353,682.333333333333,530,1273.5,3726,5294
"34",1978.25,634.75,455.25,948.25,701.5,1423.25,994.5,488.5,676.5,363,323,721,598,645.75,777.25,528.25,321.5,984,354.75,703.5,543,1300.4375,3726,5294
"35",1978.5,649.166666666667,467.5,966.166666666667,719.666666666667,1440.5,1011.33333333333,500,694.666666666667,369.333333333333,329,738,608.333333333333,664.5,798.166666666667,538.5,319.666666666667,1011.66666666667,356.5,724.666666666667,556,1327.375,3726,5294
"36",1978.75,663.583333333333,479.75,984.083333333333,737.833333333333,1457.75,1028.16666666667,511.5,712.833333333333,375.666666666667,335,755,618.666666666667,683.25,819.083333333333,548.75,317.833333333333,1039.33333333333,358.25,745.833333333333,569,1354.3125,3726,5294
"37",1979,678,492,1002,756,1475,1045,523,731,382,341,772,629,702,840,559,316,1067,360,767,582,1381.25,3726,5294
"38",1979.25,699,509.6,1029.5,773.55,1549.1,1071.4,538.95,747.7,397.4,355.2,785.4,649.5,714.9,857.15,575.2,334.8,1093.15,379.8,789.25,604.55,1408.1875,3726,5294
"39",1979.5,720,527.2,1057,791.1,1623.2,1097.8,554.9,764.4,412.8,369.4,798.8,670,727.8,874.3,591.4,353.6,1119.3,399.6,811.5,627.1,1435.125,3726,5294
"40",1979.75,741,544.8,1084.5,808.65,1697.3,1124.2,570.85,781.1,428.2,383.6,812.2,690.5,740.7,891.45,607.6,372.4,1145.45,419.4,833.75,649.65,1462.0625,3726,5294
"41",1980,762,562.4,1112,826.2,1771.4,1150.6,586.8,797.8,443.6,397.8,825.6,711,753.6,908.6,623.8,391.2,1171.6,439.2,856,672.2,1489,3726,5294
"42",1980.25,783,580,1139.5,843.75,1845.5,1177,602.75,814.5,459,412,839,731.5,766.5,925.75,640,410,1197.75,459,878.25,694.75,1515.9375,3726,5294
"43",1980.5,804,597.6,1167,861.3,1919.6,1203.4,618.7,831.2,474.4,426.2,852.4,752,779.4,942.9,656.2,428.8,1223.9,478.8,900.5,717.3,1542.875,3726,5294
"44",1980.75,825,615.2,1194.5,878.85,1993.7,1229.8,634.65,847.9,489.8,440.4,865.8,772.5,792.3,960.05,672.4,447.6,1250.05,498.6,922.75,739.85,1569.8125,3726,5294
"45",1981,846,632.8,1222,896.4,2067.8,1256.2,650.6,864.6,505.2,454.6,879.2,793,805.2,977.2,688.6,466.4,1276.2,518.4,945,762.4,1596.75,3726,5294
"46",1981.25,867,650.4,1249.5,913.95,2141.9,1282.6,666.55,881.3,520.6,468.8,892.6,813.5,818.1,994.35,704.8,485.2,1302.35,538.2,967.25,784.95,1623.6875,3726,5294
"47",1981.5,888,668,1277,931.5,2216,1309,682.5,898,536,483,906,834,831,1011.5,721,504,1328.5,558,989.5,807.5,1650.625,3726,5294
"48",1981.75,909,685.6,1304.5,949.05,2290.1,1335.4,698.45,914.7,551.4,497.2,919.4,854.5,843.9,1028.65,737.2,522.8,1354.65,577.8,1011.75,830.05,1677.5625,3726,5294
"49",1982,930,703.2,1332,966.6,2364.2,1361.8,714.4,931.4,566.8,511.4,932.8,875,856.8,1045.8,753.4,541.6,1380.8,597.6,1034,852.6,1704.5,3726,5294
"50",1982.25,951,720.8,1359.5,984.15,2438.3,1388.2,730.35,948.1,582.2,525.6,946.2,895.5,869.7,1062.95,769.6,560.4,1406.95,617.4,1056.25,875.15,1731.4375,3726,5294
"51",1982.5,972,738.4,1387,1001.7,2512.4,1414.6,746.3,964.8,597.6,539.8,959.6,916,882.6,1080.1,785.8,579.2,1433.1,637.2,1078.5,897.7,1758.375,3726,5294
"52",1982.75,993,756,1414.5,1019.25,2586.5,1441,762.25,981.5,613,554,973,936.5,895.5,1097.25,802,598,1459.25,657,1100.75,920.25,1785.3125,3726,5294
"53",1983,1014,773.6,1442,1036.8,2660.6,1467.4,778.2,998.2,628.4,568.2,986.4,957,908.4,1114.4,818.2,616.8,1485.4,676.8,1123,942.8,1812.25,3726,5294
"54",1983.25,1035,791.2,1469.5,1054.35,2734.7,1493.8,794.15,1014.9,643.8,582.4,999.8,977.5,921.3,1131.55,834.4,635.6,1511.55,696.6,1145.25,965.35,1839.1875,3726,5294
"55",1983.5,1056,808.8,1497,1071.9,2808.8,1520.2,810.1,1031.6,659.2,596.6,1013.2,998,934.2,1148.7,850.6,654.4,1537.7,716.4,1167.5,987.9,1866.125,3726,5294
"56",1983.75,1077,826.4,1524.5,1089.45,2882.9,1546.6,826.05,1048.3,674.6,610.8,1026.6,1018.5,947.1,1165.85,866.8,673.2,1563.85,736.2,1189.75,1010.45,1893.0625,3726,5294
"57",1984,1098,844,1552,1107,2957,1573,842,1065,690,625,1040,1039,960,1183,883,692,1590,756,1212,1033,1920,3726,5294
"58",1984.25,1096.75,846,1546.66666666667,1106.83333333333,2959.91666666667,1565.91666666667,845.25,1064.58333333333,692.333333333333,628.5,1039.5,1028.08333333333,955,1178.58333333333,881.333333333333,693.583333333333,1587.33333333333,750.833333333333,1204,1042,1909.16666666667,3726,5294
"59",1984.5,1095.5,848,1541.33333333333,1106.66666666667,2962.83333333333,1558.83333333333,848.5,1064.16666666667,694.666666666667,632,1039,1017.16666666667,950,1174.16666666667,879.666666666667,695.166666666667,1584.66666666667,745.666666666667,1196,1051,1898.33333333333,3726,5294
"60",1984.75,1094.25,850,1536,1106.5,2965.75,1551.75,851.75,1063.75,697,635.5,1038.5,1006.25,945,1169.75,878,696.75,1582,740.5,1188,1060,1887.5,3726,5294
"61",1985,1093,852,1530.66666666667,1106.33333333333,2968.66666666667,1544.66666666667,855,1063.33333333333,699.333333333333,639,1038,995.333333333333,940,1165.33333333333,876.333333333333,698.333333333333,1579.33333333333,735.333333333333,1180,1069,1876.66666666667,3726,5294
"62",1985.25,1091.75,854,1525.33333333333,1106.16666666667,2971.58333333333,1537.58333333333,858.25,1062.91666666667,701.666666666667,642.5,1037.5,984.416666666667,935,1160.91666666667,874.666666666667,699.916666666667,1576.66666666667,730.166666666667,1172,1078,1865.83333333333,3726,5294
"63",1985.5,1090.5,856,1520,1106,2974.5,1530.5,861.5,1062.5,704,646,1037,973.5,930,1156.5,873,701.5,1574,725,1164,1087,1855,3726,5294
"64",1985.75,1089.25,858,1514.66666666667,1105.83333333333,2977.41666666667,1523.41666666667,864.75,1062.08333333333,706.333333333333,649.5,1036.5,962.583333333333,925,1152.08333333333,871.333333333333,703.083333333333,1571.33333333333,719.833333333333,1156,1096,1844.16666666667,3726,5294
"65",1986,1088,860,1509.33333333333,1105.66666666667,2980.33333333333,1516.33333333333,868,1061.66666666667,708.666666666667,653,1036,951.666666666667,920,1147.66666666667,869.666666666667,704.666666666667,1568.66666666667,714.666666666667,1148,1105,1833.33333333333,3726,5294
"66",1986.25,1086.75,862,1504,1105.5,2983.25,1509.25,871.25,1061.25,711,656.5,1035.5,940.75,915,1143.25,868,706.25,1566,709.5,1140,1114,1822.5,3726,5294
"67",1986.5,1085.5,864,1498.66666666667,1105.33333333333,2986.16666666667,1502.16666666667,874.5,1060.83333333333,713.333333333333,660,1035,929.833333333333,910,1138.83333333333,866.333333333333,707.833333333333,1563.33333333333,704.333333333333,1132,1123,1811.66666666667,3726,5294
"68",1986.75,1084.25,866,1493.33333333333,1105.16666666667,2989.08333333333,1495.08333333333,877.75,1060.41666666667,715.666666666667,663.5,1034.5,918.916666666667,905,1134.41666666667,864.666666666667,709.416666666667,1560.66666666667,699.166666666667,1124,1132,1800.83333333333,3726,5294
"69",1987,1083,868,1488,1105,2992,1488,881,1060,718,667,1034,908,900,1130,863,711,1558,694,1116,1141,1790,3726,5294
"70",1987.25,1093.75,877.125,1505.625,1117.75,2737,1502.75,890.5,1071.25,721.875,672.625,1040.25,929.875,907.625,1154.5,876.75,724.25,1570.5,702.125,1134.5,1147.125,1794.25,3726,5294
"71",1987.5,1104.5,886.25,1523.25,1130.5,2482,1517.5,900,1082.5,725.75,678.25,1046.5,951.75,915.25,1179,890.5,737.5,1583,710.25,1153,1153.25,1798.5,3726,5294
"72",1987.75,1115.25,895.375,1540.875,1143.25,2227,1532.25,909.5,1093.75,729.625,683.875,1052.75,973.625,922.875,1203.5,904.25,750.75,1595.5,718.375,1171.5,1159.375,1802.75,3726,5294
"73",1988,1126,904.5,1558.5,1156,1972,1547,919,1105,733.5,689.5,1059,995.5,930.5,1228,918,764,1608,726.5,1190,1165.5,1807,3726,5294
"74",1988.25,1136.75,913.625,1576.125,1168.75,1717,1561.75,928.5,1116.25,737.375,695.125,1065.25,1017.375,938.125,1252.5,931.75,777.25,1620.5,734.625,1208.5,1171.625,1811.25,3726,5294
"75",1988.5,1147.5,922.75,1593.75,1181.5,1462,1576.5,938,1127.5,741.25,700.75,1071.5,1039.25,945.75,1277,945.5,790.5,1633,742.75,1227,1177.75,1815.5,3726,5294
"76",1988.75,1158.25,931.875,1611.375,1194.25,1207,1591.25,947.5,1138.75,745.125,706.375,1077.75,1061.125,953.375,1301.5,959.25,803.75,1645.5,750.875,1245.5,1183.875,1819.75,3726,5294
"77",1989,1169,941,1629,1207,952,1606,957,1150,749,712,1084,1083,961,1326,973,817,1658,759,1264,1190,1824,3726,5294
"78",1989.25,1202.08333333333,968.25,1675.91666666667,1240.08333333333,969.583333333333,1641.5,962.583333333333,1196.91666666667,773.916666666667,728.25,1115.25,1107.75,986.083333333333,1367.25,998.083333333333,835.583333333333,1709.83333333333,774,1282.83333333333,1214.16666666667,1874.41666666667,3726,5294
"79",1989.5,1235.16666666667,995.5,1722.83333333333,1273.16666666667,987.166666666667,1677,968.166666666667,1243.83333333333,798.833333333333,744.5,1146.5,1132.5,1011.16666666667,1408.5,1023.16666666667,854.166666666667,1761.66666666667,789,1301.66666666667,1238.33333333333,1924.83333333333,3726,5294
"80",1989.75,1268.25,1022.75,1769.75,1306.25,1004.75,1712.5,973.75,1290.75,823.75,760.75,1177.75,1157.25,1036.25,1449.75,1048.25,872.75,1813.5,804,1320.5,1262.5,1975.25,3726,5294
"81",1990,1301.33333333333,1050,1816.66666666667,1339.33333333333,1022.33333333333,1748,979.333333333333,1337.66666666667,848.666666666667,777,1209,1182,1061.33333333333,1491,1073.33333333333,891.333333333333,1865.33333333333,819,1339.33333333333,1286.66666666667,2025.66666666667,3726,5294
"82",1990.25,1334.41666666667,1077.25,1863.58333333333,1372.41666666667,1039.91666666667,1783.5,984.916666666667,1384.58333333333,873.583333333333,793.25,1240.25,1206.75,1086.41666666667,1532.25,1098.41666666667,909.916666666667,1917.16666666667,834,1358.16666666667,1310.83333333333,2076.08333333333,3726,5294
"83",1990.5,1367.5,1104.5,1910.5,1405.5,1057.5,1819,990.5,1431.5,898.5,809.5,1271.5,1231.5,1111.5,1573.5,1123.5,928.5,1969,849,1377,1335,2126.5,3726,5294
"84",1990.75,1400.58333333333,1131.75,1957.41666666667,1438.58333333333,1075.08333333333,1854.5,996.083333333333,1478.41666666667,923.416666666667,825.75,1302.75,1256.25,1136.58333333333,1614.75,1148.58333333333,947.083333333333,2020.83333333333,864,1395.83333333333,1359.16666666667,2176.91666666667,3726,5294
"85",1991,1433.66666666667,1159,2004.33333333333,1471.66666666667,1092.66666666667,1890,1001.66666666667,1525.33333333333,948.333333333333,842,1334,1281,1161.66666666667,1656,1173.66666666667,965.666666666667,2072.66666666667,879,1414.66666666667,1383.33333333333,2227.33333333333,3726,5294
"86",1991.25,1466.75,1186.25,2051.25,1504.75,1110.25,1925.5,1007.25,1572.25,973.25,858.25,1365.25,1305.75,1186.75,1697.25,1198.75,984.25,2124.5,894,1433.5,1407.5,2277.75,3726,5294
"87",1991.5,1499.83333333333,1213.5,2098.16666666667,1537.83333333333,1127.83333333333,1961,1012.83333333333,1619.16666666667,998.166666666667,874.5,1396.5,1330.5,1211.83333333333,1738.5,1223.83333333333,1002.83333333333,2176.33333333333,909,1452.33333333333,1431.66666666667,2328.16666666667,3726,5294
"88",1991.75,1532.91666666667,1240.75,2145.08333333333,1570.91666666667,1145.41666666667,1996.5,1018.41666666667,1666.08333333333,1023.08333333333,890.75,1427.75,1355.25,1236.91666666667,1779.75,1248.91666666667,1021.41666666667,2228.16666666667,924,1471.16666666667,1455.83333333333,2378.58333333333,3726,5294
"89",1992,1566,1268,2192,1604,1163,2032,1024,1713,1048,907,1459,1380,1262,1821,1274,1040,2280,939,1490,1480,2429,3726,5294
"90",1992.25,1603.83333333333,1296,2250.16666666667,1648.66666666667,1173.08333333333,2078.41666666667,1049.16666666667,1748.41666666667,1068.58333333333,922.333333333333,1491,1412.25,1276.5,1854.66666666667,1287.5,1049.83333333333,2353.5,953.833333333333,1503.08333333333,1513.83333333333,2507.5,3726,5294
"91",1992.5,1641.66666666667,1324,2308.33333333333,1693.33333333333,1183.16666666667,2124.83333333333,1074.33333333333,1783.83333333333,1089.16666666667,937.666666666667,1523,1444.5,1291,1888.33333333333,1301,1059.66666666667,2427,968.666666666667,1516.16666666667,1547.66666666667,2586,3726,5294
"92",1992.75,1679.5,1352,2366.5,1738,1193.25,2171.25,1099.5,1819.25,1109.75,953,1555,1476.75,1305.5,1922,1314.5,1069.5,2500.5,983.5,1529.25,1581.5,2664.5,3726,5294
"93",1993,1717.33333333333,1380,2424.66666666667,1782.66666666667,1203.33333333333,2217.66666666667,1124.66666666667,1854.66666666667,1130.33333333333,968.333333333333,1587,1509,1320,1955.66666666667,1328,1079.33333333333,2574,998.333333333333,1542.33333333333,1615.33333333333,2743,3726,5294
"94",1993.25,1755.16666666667,1408,2482.83333333333,1827.33333333333,1213.41666666667,2264.08333333333,1149.83333333333,1890.08333333333,1150.91666666667,983.666666666667,1619,1541.25,1334.5,1989.33333333333,1341.5,1089.16666666667,2647.5,1013.16666666667,1555.41666666667,1649.16666666667,2821.5,3726,5294
"95",1993.5,1793,1436,2541,1872,1223.5,2310.5,1175,1925.5,1171.5,999,1651,1573.5,1349,2023,1355,1099,2721,1028,1568.5,1683,2900,3726,5294
"96",1993.75,1830.83333333333,1464,2599.16666666667,1916.66666666667,1233.58333333333,2356.91666666667,1200.16666666667,1960.91666666667,1192.08333333333,1014.33333333333,1683,1605.75,1363.5,2056.66666666667,1368.5,1108.83333333333,2794.5,1042.83333333333,1581.58333333333,1716.83333333333,2978.5,3726,5294
"97",1994,1868.66666666667,1492,2657.33333333333,1961.33333333333,1243.66666666667,2403.33333333333,1225.33333333333,1996.33333333333,1212.66666666667,1029.66666666667,1715,1638,1378,2090.33333333333,1382,1118.66666666667,2868,1057.66666666667,1594.66666666667,1750.66666666667,3057,3726,5294
"98",1994.25,1906.5,1520,2715.5,2006,1253.75,2449.75,1250.5,2031.75,1233.25,1045,1747,1670.25,1392.5,2124,1395.5,1128.5,2941.5,1072.5,1607.75,1784.5,3135.5,3726,5294
"99",1994.5,1944.33333333333,1548,2773.66666666667,2050.66666666667,1263.83333333333,2496.16666666667,1275.66666666667,2067.16666666667,1253.83333333333,1060.33333333333,1779,1702.5,1407,2157.66666666667,1409,1138.33333333333,3015,1087.33333333333,1620.83333333333,1818.33333333333,3214,3726,5294
"100",1994.75,1982.16666666667,1576,2831.83333333333,2095.33333333333,1273.91666666667,2542.58333333333,1300.83333333333,2102.58333333333,1274.41666666667,1075.66666666667,1811,1734.75,1421.5,2191.33333333333,1422.5,1148.16666666667,3088.5,1102.16666666667,1633.91666666667,1852.16666666667,3292.5,3726,5294
"101",1995,2020,1604,2890,2140,1284,2589,1326,2138,1295,1091,1843,1767,1436,2225,1436,1158,3162,1117,1647,1886,3371,3726,5294
"102",1995.25,2093.25,1658.25,2996,2234.5,1333.5,2685,1373.25,2217.25,1331.875,1110.75,1897.125,1843.375,1460.5,2338.125,1499,1201.625,3267.5,1164.5,1698.25,1930.5,3545.625,3726,5294
"103",1995.5,2166.5,1712.5,3102,2329,1383,2781,1420.5,2296.5,1368.75,1130.5,1951.25,1919.75,1485,2451.25,1562,1245.25,3373,1212,1749.5,1975,3720.25,3726,5294
"104",1995.75,2239.75,1766.75,3208,2423.5,1432.5,2877,1467.75,2375.75,1405.625,1150.25,2005.375,1996.125,1509.5,2564.375,1625,1288.875,3478.5,1259.5,1800.75,2019.5,3894.875,3726,5294
"105",1996,2313,1821,3314,2518,1482,2973,1515,2455,1442.5,1170,2059.5,2072.5,1534,2677.5,1688,1332.5,3584,1307,1852,2064,4069.5,3726,5294
"106",1996.25,2386.25,1875.25,3420,2612.5,1531.5,3069,1562.25,2534.25,1479.375,1189.75,2113.625,2148.875,1558.5,2790.625,1751,1376.125,3689.5,1354.5,1903.25,2108.5,4244.125,3726,5294
"107",1996.5,2459.5,1929.5,3526,2707,1581,3165,1609.5,2613.5,1516.25,1209.5,2167.75,2225.25,1583,2903.75,1814,1419.75,3795,1402,1954.5,2153,4418.75,3726,5294
"108",1996.75,2532.75,1983.75,3632,2801.5,1630.5,3261,1656.75,2692.75,1553.125,1229.25,2221.875,2301.625,1607.5,3016.875,1877,1463.375,3900.5,1449.5,2005.75,2197.5,4593.375,3726,5294
"109",1997,2606,2038,3738,2896,1680,3357,1704,2772,1590,1249,2276,2378,1632,3130,1940,1507,4006,1497,2057,2242,4768,3726,5294
"110",1997.25,2589.25,2031.25,3702.75,2871.75,1641.375,3325.25,1705.75,2756.25,1592.75,1257.125,2274,2372.625,1613.25,3129.75,1915.375,1497.5,3968,1509.75,2038,2246.25,4685.125,3726,5294
"111",1997.5,2572.5,2024.5,3667.5,2847.5,1602.75,3293.5,1707.5,2740.5,1595.5,1265.25,2272,2367.25,1594.5,3129.5,1890.75,1488,3930,1522.5,2019,2250.5,4602.25,3726,5294
"112",1997.75,2555.75,2017.75,3632.25,2823.25,1564.125,3261.75,1709.25,2724.75,1598.25,1273.375,2270,2361.875,1575.75,3129.25,1866.125,1478.5,3892,1535.25,2000,2254.75,4519.375,3726,5294
"113",1998,2539,2011,3597,2799,1525.5,3230,1711,2709,1601,1281.5,2268,2356.5,1557,3129,1841.5,1469,3854,1548,1981,2259,4436.5,3726,5294
"114",1998.25,2522.25,2004.25,3561.75,2774.75,1486.875,3198.25,1712.75,2693.25,1603.75,1289.625,2266,2351.125,1538.25,3128.75,1816.875,1459.5,3816,1560.75,1962,2263.25,4353.625,3726,5294
"115",1998.5,2505.5,1997.5,3526.5,2750.5,1448.25,3166.5,1714.5,2677.5,1606.5,1297.75,2264,2345.75,1519.5,3128.5,1792.25,1450,3778,1573.5,1943,2267.5,4270.75,3726,5294
"116",1998.75,2488.75,1990.75,3491.25,2726.25,1409.625,3134.75,1716.25,2661.75,1609.25,1305.875,2262,2340.375,1500.75,3128.25,1767.625,1440.5,3740,1586.25,1924,2271.75,4187.875,3726,5294
"117",1999,2472,1984,3456,2702,1371,3103,1718,2646,1612,1314,2260,2335,1482,3128,1743,1431,3702,1599,1905,2276,4105,3726,5294
"118",1999.25,2516.91666666667,2016.66666666667,3524.58333333333,2730.5,1437.16666666667,3148.75,1718.91666666667,2672.41666666667,1641.5,1344,2292.5,2368.66666666667,1524.41666666667,3158.66666666667,1777.16666666667,1478.91666666667,3760.66666666667,1618.83333333333,1946.75,2295.91666666667,4173.75,3726,5294
"119",1999.5,2561.83333333333,2049.33333333333,3593.16666666667,2759,1503.33333333333,3194.5,1719.83333333333,2698.83333333333,1671,1374,2325,2402.33333333333,1566.83333333333,3189.33333333333,1811.33333333333,1526.83333333333,3819.33333333333,1638.66666666667,1988.5,2315.83333333333,4242.5,3726,5294
"120",1999.75,2606.75,2082,3661.75,2787.5,1569.5,3240.25,1720.75,2725.25,1700.5,1404,2357.5,2436,1609.25,3220,1845.5,1574.75,3878,1658.5,2030.25,2335.75,4311.25,3726,5294
"121",2000,2651.66666666667,2114.66666666667,3730.33333333333,2816,1635.66666666667,3286,1721.66666666667,2751.66666666667,1730,1434,2390,2469.66666666667,1651.66666666667,3250.66666666667,1879.66666666667,1622.66666666667,3936.66666666667,1678.33333333333,2072,2355.66666666667,4380,3726,5294
"122",2000.25,2696.58333333333,2147.33333333333,3798.91666666667,2844.5,1701.83333333333,3331.75,1722.58333333333,2778.08333333333,1759.5,1464,2422.5,2503.33333333333,1694.08333333333,3281.33333333333,1913.83333333333,1670.58333333333,3995.33333333333,1698.16666666667,2113.75,2375.58333333333,4448.75,3726,5294
"123",2000.5,2741.5,2180,3867.5,2873,1768,3377.5,1723.5,2804.5,1789,1494,2455,2537,1736.5,3312,1948,1718.5,4054,1718,2155.5,2395.5,4517.5,3726,5294
"124",2000.75,2786.41666666667,2212.66666666667,3936.08333333333,2901.5,1834.16666666667,3423.25,1724.41666666667,2830.91666666667,1818.5,1524,2487.5,2570.66666666667,1778.91666666667,3342.66666666667,1982.16666666667,1766.41666666667,4112.66666666667,1737.83333333333,2197.25,2415.41666666667,4586.25,3726,5294
"125",2001,2831.33333333333,2245.33333333333,4004.66666666667,2930,1900.33333333333,3469,1725.33333333333,2857.33333333333,1848,1554,2520,2604.33333333333,1821.33333333333,3373.33333333333,2016.33333333333,1814.33333333333,4171.33333333333,1757.66666666667,2239,2435.33333333333,4655,3726,5294
"126",2001.25,2876.25,2278,4073.25,2958.5,1966.5,3514.75,1726.25,2883.75,1877.5,1584,2552.5,2638,1863.75,3404,2050.5,1862.25,4230,1777.5,2280.75,2455.25,4723.75,3726,5294
"127",2001.5,2921.16666666667,2310.66666666667,4141.83333333333,2987,2032.66666666667,3560.5,1727.16666666667,2910.16666666667,1907,1614,2585,2671.66666666667,1906.16666666667,3434.66666666667,2084.66666666667,1910.16666666667,4288.66666666667,1797.33333333333,2322.5,2475.16666666667,4792.5,3726,5294
"128",2001.75,2966.08333333333,2343.33333333333,4210.41666666667,3015.5,2098.83333333333,3606.25,1728.08333333333,2936.58333333333,1936.5,1644,2617.5,2705.33333333333,1948.58333333333,3465.33333333333,2118.83333333333,1958.08333333333,4347.33333333333,1817.16666666667,2364.25,2495.08333333333,4861.25,3726,5294
"129",2002,3011,2376,4279,3044,2165,3652,1729,2963,1966,1674,2650,2739,1991,3496,2153,2006,4406,1837,2406,2515,4930,3726,5294
"130",2002.25,3040.75,2417.875,4298.75,3095.5,2183.375,3690,1747.25,2977.125,1986,1693.375,2667.625,2757.375,2043.375,3500.375,2159.75,2011,4502.125,1855.375,2416.125,2541.25,4940.125,3726,5294
"131",2002.5,3070.5,2459.75,4318.5,3147,2201.75,3728,1765.5,2991.25,2006,1712.75,2685.25,2775.75,2095.75,3504.75,2166.5,2016,4598.25,1873.75,2426.25,2567.5,4950.25,3726,5294
"132",2002.75,3100.25,2501.625,4338.25,3198.5,2220.125,3766,1783.75,3005.375,2026,1732.125,2702.875,2794.125,2148.125,3509.125,2173.25,2021,4694.375,1892.125,2436.375,2593.75,4960.375,3726,5294
"133",2003,3130,2543.5,4358,3250,2238.5,3804,1802,3019.5,2046,1751.5,2720.5,2812.5,2200.5,3513.5,2180,2026,4790.5,1910.5,2446.5,2620,4970.5,3726,5294
"134",2003.25,3159.75,2585.375,4377.75,3301.5,2256.875,3842,1820.25,3033.625,2066,1770.875,2738.125,2830.875,2252.875,3517.875,2186.75,2031,4886.625,1928.875,2456.625,2646.25,4980.625,3726,5294
"135",2003.5,3189.5,2627.25,4397.5,3353,2275.25,3880,1838.5,3047.75,2086,1790.25,2755.75,2849.25,2305.25,3522.25,2193.5,2036,4982.75,1947.25,2466.75,2672.5,4990.75,3726,5294
"136",2003.75,3219.25,2669.125,4417.25,3404.5,2293.625,3918,1856.75,3061.875,2106,1809.625,2773.375,2867.625,2357.625,3526.625,2200.25,2041,5078.875,1965.625,2476.875,2698.75,5000.875,3726,5294
"137",2004,3249,2711,4437,3456,2312,3956,1875,3076,2126,1829,2791,2886,2410,3531,2207,2046,5175,1984,2487,2725,5011,3726,5294
"138",2004.25,3285.41666666667,2748.08333333333,4471.66666666667,3484.58333333333,2416.08333333333,3989.33333333333,1909,3107.75,2149.5,1855.16666666667,2843.5,2923.5,2458.75,3570.41666666667,2235.16666666667,2087.25,5208.75,2023.91666666667,2516.16666666667,2777,5036.91666666667,3726,5294
"139",2004.5,3321.83333333333,2785.16666666667,4506.33333333333,3513.16666666667,2520.16666666667,4022.66666666667,1943,3139.5,2173,1881.33333333333,2896,2961,2507.5,3609.83333333333,2263.33333333333,2128.5,5242.5,2063.83333333333,2545.33333333333,2829,5062.83333333333,3726,5294
"140",2004.75,3358.25,2822.25,4541,3541.75,2624.25,4056,1977,3171.25,2196.5,1907.5,2948.5,2998.5,2556.25,3649.25,2291.5,2169.75,5276.25,2103.75,2574.5,2881,5088.75,3726,5294
"141",2005,3394.66666666667,2859.33333333333,4575.66666666667,3570.33333333333,2728.33333333333,4089.33333333333,2011,3203,2220,1933.66666666667,3001,3036,2605,3688.66666666667,2319.66666666667,2211,5310,2143.66666666667,2603.66666666667,2933,5114.66666666667,3726,5294
"142",2005.25,3431.08333333333,2896.41666666667,4610.33333333333,3598.91666666667,2832.41666666667,4122.66666666667,2045,3234.75,2243.5,1959.83333333333,3053.5,3073.5,2653.75,3728.08333333333,2347.83333333333,2252.25,5343.75,2183.58333333333,2632.83333333333,2985,5140.58333333333,3726,5294
"143",2005.5,3467.5,2933.5,4645,3627.5,2936.5,4156,2079,3266.5,2267,1986,3106,3111,2702.5,3767.5,2376,2293.5,5377.5,2223.5,2662,3037,5166.5,3726,5294
"144",2005.75,3503.91666666667,2970.58333333333,4679.66666666667,3656.08333333333,3040.58333333333,4189.33333333333,2113,3298.25,2290.5,2012.16666666667,3158.5,3148.5,2751.25,3806.91666666667,2404.16666666667,2334.75,5411.25,2263.41666666667,2691.16666666667,3089,5192.41666666667,3726,5294
"145",2006,3540.33333333333,3007.66666666667,4714.33333333333,3684.66666666667,3144.66666666667,4222.66666666667,2147,3330,2314,2038.33333333333,3211,3186,2800,3846.33333333333,2432.33333333333,2376,5445,2303.33333333333,2720.33333333333,3141,5218.33333333333,3726,5294
"146",2006.25,3576.75,3044.75,4749,3713.25,3248.75,4256,2181,3361.75,2337.5,2064.5,3263.5,3223.5,2848.75,3885.75,2460.5,2417.25,5478.75,2343.25,2749.5,3193,5244.25,3726,5294
"147",2006.5,3613.16666666667,3081.83333333333,4783.66666666667,3741.83333333333,3352.83333333333,4289.33333333333,2215,3393.5,2361,2090.66666666667,3316,3261,2897.5,3925.16666666667,2488.66666666667,2458.5,5512.5,2383.16666666667,2778.66666666667,3245,5270.16666666667,3726,5294
"148",2006.75,3649.58333333333,3118.91666666667,4818.33333333333,3770.41666666667,3456.91666666667,4322.66666666667,2249,3425.25,2384.5,2116.83333333333,3368.5,3298.5,2946.25,3964.58333333333,2516.83333333333,2499.75,5546.25,2423.08333333333,2807.83333333333,3297,5296.08333333333,3726,5294
"149",2007,3686,3156,4853,3799,3561,4356,2283,3457,2408,2143,3421,3336,2995,4004,2545,2541,5580,2463,2837,3349,5322,3726,5294
"150",2007.25,3728.375,3214.5,4872.75,3824,3570.875,4399.625,2315.75,3504.25,2440.375,2192.125,3516.375,3361.5,3030.5,4054.375,2578,2550.5,5627.75,2532.25,2870.125,3378,5342.75,3811.125,5475.625
"151",2007.5,3770.75,3273,4892.5,3849,3580.75,4443.25,2348.5,3551.5,2472.75,2241.25,3611.75,3387,3066,4104.75,2611,2560,5675.5,2601.5,2903.25,3407,5363.5,3896.25,5657.25
"152",2007.75,3813.125,3331.5,4912.25,3874,3590.625,4486.875,2381.25,3598.75,2505.125,2290.375,3707.125,3412.5,3101.5,4155.125,2644,2569.5,5723.25,2670.75,2936.375,3436,5384.25,3981.375,5838.875
"153",2008,3855.5,3390,4932,3899,3600.5,4530.5,2414,3646,2537.5,2339.5,3802.5,3438,3137,4205.5,2677,2579,5771,2740,2969.5,3465,5405,4066.5,6020.5
"154",2008.25,3897.875,3448.5,4951.75,3924,3610.375,4574.125,2446.75,3693.25,2569.875,2388.625,3897.875,3463.5,3172.5,4255.875,2710,2588.5,5818.75,2809.25,3002.625,3494,5425.75,4151.625,6202.125
"155",2008.5,3940.25,3507,4971.5,3949,3620.25,4617.75,2479.5,3740.5,2602.25,2437.75,3993.25,3489,3208,4306.25,2743,2598,5866.5,2878.5,3035.75,3523,5446.5,4236.75,6383.75
"156",2008.75,3982.625,3565.5,4991.25,3974,3630.125,4661.375,2512.25,3787.75,2634.625,2486.875,4088.625,3514.5,3243.5,4356.625,2776,2607.5,5914.25,2947.75,3068.875,3552,5467.25,4321.875,6565.375
"157",2009,4025,3624,5011,3999,3640,4705,2545,3835,2667,2536,4184,3540,3279,4407,2809,2617,5962,3017,3102,3581,5488,4407,6747
"158",2009.25,4106.25,3693.41666666667,5123.91666666667,4101.83333333333,3656.91666666667,4791.41666666667,2589.58333333333,3903.58333333333,2730.16666666667,2588.66666666667,4231.91666666667,3626.33333333333,3317.83333333333,4461,2870.58333333333,2693.75,6050.41666666667,3096.16666666667,3177.91666666667,3640.33333333333,5746.16666666667,4566.16666666667,6859.83333333333
"159",2009.5,4187.5,3762.83333333333,5236.83333333333,4204.66666666667,3673.83333333333,4877.83333333333,2634.16666666667,3972.16666666667,2793.33333333333,2641.33333333333,4279.83333333333,3712.66666666667,3356.66666666667,4515,2932.16666666667,2770.5,6138.83333333333,3175.33333333333,3253.83333333333,3699.66666666667,6004.33333333333,4725.33333333333,6972.66666666667
"160",2009.75,4268.75,3832.25,5349.75,4307.5,3690.75,4964.25,2678.75,4040.75,2856.5,2694,4327.75,3799,3395.5,4569,2993.75,2847.25,6227.25,3254.5,3329.75,3759,6262.5,4884.5,7085.5
"161",2010,4350,3901.66666666667,5462.66666666667,4410.33333333333,3707.66666666667,5050.66666666667,2723.33333333333,4109.33333333333,2919.66666666667,2746.66666666667,4375.66666666667,3885.33333333333,3434.33333333333,4623,3055.33333333333,2924,6315.66666666667,3333.66666666667,3405.66666666667,3818.33333333333,6520.66666666667,5043.66666666667,7198.33333333333
"162",2010.25,4431.25,3971.08333333333,5575.58333333333,4513.16666666667,3724.58333333333,5137.08333333333,2767.91666666667,4177.91666666667,2982.83333333333,2799.33333333333,4423.58333333333,3971.66666666667,3473.16666666667,4677,3116.91666666667,3000.75,6404.08333333333,3412.83333333333,3481.58333333333,3877.66666666667,6778.83333333333,5202.83333333333,7311.16666666667
"163",2010.5,4512.5,4040.5,5688.5,4616,3741.5,5223.5,2812.5,4246.5,3046,2852,4471.5,4058,3512,4731,3178.5,3077.5,6492.5,3492,3557.5,3937,7037,5362,7424
"164",2010.75,4593.75,4109.91666666667,5801.41666666667,4718.83333333333,3758.41666666667,5309.91666666667,2857.08333333333,4315.08333333333,3109.16666666667,2904.66666666667,4519.41666666667,4144.33333333333,3550.83333333333,4785,3240.08333333333,3154.25,6580.91666666667,3571.16666666667,3633.41666666667,3996.33333333333,7295.16666666667,5521.16666666667,7536.83333333333
"165",2011,4675,4179.33333333333,5914.33333333333,4821.66666666667,3775.33333333333,5396.33333333333,2901.66666666667,4383.66666666667,3172.33333333333,2957.33333333333,4567.33333333333,4230.66666666667,3589.66666666667,4839,3301.66666666667,3231,6669.33333333333,3650.33333333333,3709.33333333333,4055.66666666667,7553.33333333333,5680.33333333333,7649.66666666667
"166",2011.25,4756.25,4248.75,6027.25,4924.5,3792.25,5482.75,2946.25,4452.25,3235.5,3010,4615.25,4317,3628.5,4893,3363.25,3307.75,6757.75,3729.5,3785.25,4115,7811.5,5839.5,7762.5
"167",2011.5,4837.5,4318.16666666667,6140.16666666667,5027.33333333333,3809.16666666667,5569.16666666667,2990.83333333333,4520.83333333333,3298.66666666667,3062.66666666667,4663.16666666667,4403.33333333333,3667.33333333333,4947,3424.83333333333,3384.5,6846.16666666667,3808.66666666667,3861.16666666667,4174.33333333333,8069.66666666667,5998.66666666667,7875.33333333333
"168",2011.75,4918.75,4387.58333333333,6253.08333333333,5130.16666666667,3826.08333333333,5655.58333333333,3035.41666666667,4589.41666666667,3361.83333333333,3115.33333333333,4711.08333333333,4489.66666666667,3706.16666666667,5001,3486.41666666667,3461.25,6934.58333333333,3887.83333333333,3937.08333333333,4233.66666666667,8327.83333333333,6157.83333333333,7988.16666666667
"169",2012,5000,4457,6366,5233,3843,5742,3080,4658,3425,3168,4759,4576,3745,5055,3548,3538,7023,3967,4013,4293,8586,6317,8101
"170",2012.25,5142.625,4593.375,6528.5,5359.625,4114,5878.375,3173.875,4851.625,3556.625,3236.375,4919.875,4662.875,3819.75,5172.25,3638,3651.375,7176.625,4073.125,4121.25,4373.125,8841.375,6476.25,8388.5
"171",2012.5,5285.25,4729.75,6691,5486.25,4385,6014.75,3267.75,5045.25,3688.25,3304.75,5080.75,4749.75,3894.5,5289.5,3728,3764.75,7330.25,4179.25,4229.5,4453.25,9096.75,6635.5,8676
"172",2012.75,5427.875,4866.125,6853.5,5612.875,4656,6151.125,3361.625,5238.875,3819.875,3373.125,5241.625,4836.625,3969.25,5406.75,3818,3878.125,7483.875,4285.375,4337.75,4533.375,9352.125,6794.75,8963.5
"173",2013,5570.5,5002.5,7016,5739.5,4927,6287.5,3455.5,5432.5,3951.5,3441.5,5402.5,4923.5,4044,5524,3908,3991.5,7637.5,4391.5,4446,4613.5,9607.5,6954,9251
"174",2013.25,5713.125,5138.875,7178.5,5866.125,5198,6423.875,3549.375,5626.125,4083.125,3509.875,5563.375,5010.375,4118.75,5641.25,3998,4104.875,7791.125,4497.625,4554.25,4693.625,9862.875,7113.25,9538.5
"175",2013.5,5855.75,5275.25,7341,5992.75,5469,6560.25,3643.25,5819.75,4214.75,3578.25,5724.25,5097.25,4193.5,5758.5,4088,4218.25,7944.75,4603.75,4662.5,4773.75,10118.25,7272.5,9826
"176",2013.75,5998.375,5411.625,7503.5,6119.375,5740,6696.625,3737.125,6013.375,4346.375,3646.625,5885.125,5184.125,4268.25,5875.75,4178,4331.625,8098.375,4709.875,4770.75,4853.875,10373.625,7431.75,10113.5
"177",2014,6141,5548,7666,6246,6011,6833,3831,6207,4478,3715,6046,5271,4343,5993,4268,4445,8252,4816,4879,4934,10629,7591,10401
"178",2014.25,6243.125,5637.875,7801.5,6359,5878.5,6937.75,3897,6297.125,4539.625,3777.375,6146.375,5348,4426.625,6090.25,4367.625,4514.125,8403.375,4936,4938.375,4990.625,10761.875,7663.875,10545.25
"179",2014.5,6345.25,5727.75,7937,6472,5746,7042.5,3963,6387.25,4601.25,3839.75,6246.75,5425,4510.25,6187.5,4467.25,4583.25,8554.75,5056,4997.75,5047.25,10894.75,7736.75,10689.5
"180",2014.75,6447.375,5817.625,8072.5,6585,5613.5,7147.25,4029,6477.375,4662.875,3902.125,6347.125,5502,4593.875,6284.75,4566.875,4652.375,8706.125,5176,5057.125,5103.875,11027.625,7809.625,10833.75
"181",2015,6549.5,5907.5,8208,6698,5481,7252,4095,6567.5,4724.5,3964.5,6447.5,5579,4677.5,6382,4666.5,4721.5,8857.5,5296,5116.5,5160.5,11160.5,7882.5,10978
"182",2015.25,6651.625,5997.375,8343.5,6811,5348.5,7356.75,4161,6657.625,4786.125,4026.875,6547.875,5656,4761.125,6479.25,4766.125,4790.625,9008.875,5416,5175.875,5217.125,11293.375,7955.375,11122.25
"183",2015.5,6753.75,6087.25,8479,6924,5216,7461.5,4227,6747.75,4847.75,4089.25,6648.25,5733,4844.75,6576.5,4865.75,4859.75,9160.25,5536,5235.25,5273.75,11426.25,8028.25,11266.5
"184",2015.75,6855.875,6177.125,8614.5,7037,5083.5,7566.25,4293,6837.875,4909.375,4151.625,6748.625,5810,4928.375,6673.75,4965.375,4928.875,9311.625,5656,5294.625,5330.375,11559.125,8101.125,11410.75
"185",2016,6958,6267,8750,7150,4951,7671,4359,6928,4971,4214,6849,5887,5012,6771,5065,4998,9463,5776,5354,5387,11692,8174,11555
"186",2016.25,7036.58333333333,6335.83333333333,8845.41666666667,7238.83333333333,5032.83333333333,7751.33333333333,4412.75,7018.41666666667,5016.91666666667,4269,6923.33333333333,5955.33333333333,5066.58333333333,6854.58333333333,5113.33333333333,5037.83333333333,9576.66666666667,5862.58333333333,5386.58333333333,5434.66666666667,11822.4166666667,8186.08333333333,11662.0833333333
"187",2016.5,7115.16666666667,6404.66666666667,8940.83333333333,7327.66666666667,5114.66666666667,7831.66666666667,4466.5,7108.83333333333,5062.83333333333,4324,6997.66666666667,6023.66666666667,5121.16666666667,6938.16666666667,5161.66666666667,5077.66666666667,9690.33333333333,5949.16666666667,5419.16666666667,5482.33333333333,11952.8333333333,8198.16666666667,11769.1666666667
"188",2016.75,7193.75,6473.5,9036.25,7416.5,5196.5,7912,4520.25,7199.25,5108.75,4379,7072,6092,5175.75,7021.75,5210,5117.5,9804,6035.75,5451.75,5530,12083.25,8210.25,11876.25
"189",2017,7272.33333333333,6542.33333333333,9131.66666666667,7505.33333333333,5278.33333333333,7992.33333333333,4574,7289.66666666667,5154.66666666667,4434,7146.33333333333,6160.33333333333,5230.33333333333,7105.33333333333,5258.33333333333,5157.33333333333,9917.66666666667,6122.33333333333,5484.33333333333,5577.66666666667,12213.6666666667,8222.33333333333,11983.3333333333
"190",2017.25,7350.91666666667,6611.16666666667,9227.08333333333,7594.16666666667,5360.16666666667,8072.66666666667,4627.75,7380.08333333333,5200.58333333333,4489,7220.66666666667,6228.66666666667,5284.91666666667,7188.91666666667,5306.66666666667,5197.16666666667,10031.3333333333,6208.91666666667,5516.91666666667,5625.33333333333,12344.0833333333,8234.41666666667,12090.4166666667
"191",2017.5,7429.5,6680,9322.5,7683,5442,8153,4681.5,7470.5,5246.5,4544,7295,6297,5339.5,7272.5,5355,5237,10145,6295.5,5549.5,5673,12474.5,8246.5,12197.5
"192",2017.75,7508.08333333333,6748.83333333333,9417.91666666667,7771.83333333333,5523.83333333333,8233.33333333333,4735.25,7560.91666666667,5292.41666666667,4599,7369.33333333333,6365.33333333333,5394.08333333333,7356.08333333333,5403.33333333333,5276.83333333333,10258.6666666667,6382.08333333333,5582.08333333333,5720.66666666667,12604.9166666667,8258.58333333333,12304.5833333333
"193",2018,7586.66666666667,6817.66666666667,9513.33333333333,7860.66666666667,5605.66666666667,8313.66666666667,4789,7651.33333333333,5338.33333333333,4654,7443.66666666667,6433.66666666667,5448.66666666667,7439.66666666667,5451.66666666667,5316.66666666667,10372.3333333333,6468.66666666667,5614.66666666667,5768.33333333333,12735.3333333333,8270.66666666667,12411.6666666667
"194",2018.25,7665.25,6886.5,9608.75,7949.5,5687.5,8394,4842.75,7741.75,5384.25,4709,7518,6502,5503.25,7523.25,5500,5356.5,10486,6555.25,5647.25,5816,12865.75,8282.75,12518.75
"195",2018.5,7743.83333333333,6955.33333333333,9704.16666666667,8038.33333333333,5769.33333333333,8474.33333333333,4896.5,7832.16666666667,5430.16666666667,4764,7592.33333333333,6570.33333333333,5557.83333333333,7606.83333333333,5548.33333333333,5396.33333333333,10599.6666666667,6641.83333333333,5679.83333333333,5863.66666666667,12996.1666666667,8294.83333333333,12625.8333333333
"196",2018.75,7822.41666666667,7024.16666666667,9799.58333333333,8127.16666666667,5851.16666666667,8554.66666666667,4950.25,7922.58333333333,5476.08333333333,4819,7666.66666666667,6638.66666666667,5612.41666666667,7690.41666666667,5596.66666666667,5436.16666666667,10713.3333333333,6728.41666666667,5712.41666666667,5911.33333333333,13126.5833333333,8306.91666666667,12732.9166666667
"197",2019,7901,7093,9895,8216,5933,8635,5004,8013,5522,4874,7741,6707,5667,7774,5645,5476,10827,6815,5745,5959,13257,8319,12840
"198",2019.25,7698,7093,9895,8216,5933,8635,5004,7825.75,5392.75,4758.25,7602.25,6576.25,5536.25,7543,5504,5349.75,10537.25,6624,5612.5,5741,12874.75,8072.5,12710.5
"199",2019.5,7495,7093,9895,8216,5933,8635,5004,7638.5,5263.5,4642.5,7463.5,6445.5,5405.5,7312,5363,5223.5,10247.5,6433,5480,5523,12492.5,7826,12581
"200",2019.75,7292,7093,9895,8216,5933,8635,5004,7451.25,5134.25,4526.75,7324.75,6314.75,5274.75,7081,5222,5097.25,9957.75,6242,5347.5,5305,12110.25,7579.5,12451.5
"201",2020,7089,7093,9895,8216,5933,8635,5004,7264,5005,4411,7186,6184,5144,6850,5081,4971,9668,6051,5215,5087,11728,7333,12322
